{
  "random_forest": {
    "val": {
      "auc": 0.839831342963122,
      "ap": 0.01825097819037804,
      "acc": 0.9979712705736069,
      "precision": 0.0,
      "recall": 0.0,
      "f1": 0.0,
      "confusao": [
        [
          30499,
          0
        ],
        [
          62,
          0
        ]
      ],
      "n": 30561,
      "positivos": 62
    },
    "teste": {
      "auc": 0.8171156730264617,
      "ap": 0.06151395497519716,
      "acc": 0.990150845849285,
      "precision": 0.0,
      "recall": 0.0,
      "f1": 0.0,
      "confusao": [
        [
          30260,
          0
        ],
        [
          301,
          0
        ]
      ],
      "n": 30561,
      "positivos": 301
    },
    "teste_pre_calibracao": {
      "auc": 0.8171156730264617,
      "ap": 0.06151395497519716,
      "acc": 0.8642714570858283,
      "precision": 0.04256837098692033,
      "recall": 0.5946843853820598,
      "f1": 0.07944962272525521,
      "confusao": [
        [
          26234,
          4026
        ],
        [
          122,
          179
        ]
      ],
      "n": 30561,
      "positivos": 301
    },
    "limiar_operacional": 0.0317,
    "teste_no_limiar": {
      "auc": 0.8171156730264617,
      "ap": 0.06151395497519716,
      "acc": 0.8619482346781846,
      "precision": 0.042717086834733894,
      "recall": 0.6079734219269103,
      "f1": 0.07982551799345693,
      "confusao": [
        [
          26159,
          4101
        ],
        [
          118,
          183
        ]
      ],
      "n": 30561,
      "positivos": 301
    },
    "amigaveis": {
      "taxa_real": 0.009849154150714964,
      "taxa_prevista_media": 0.010829026941879918,
      "brier": 0.009516701547730861,
      "n_dias": 183,
      "n_dias_com_focos": 91,
      "total_focos": 301,
      "recall_top5": 0.21262458471760798,
      "lift_top5": 7.1016611295681065,
      "dias_com_hit_top5": 46,
      "recall_top10": 0.33554817275747506,
      "lift_top10": 5.603654485049834,
      "dias_com_hit_top10": 62,
      "recall_top20": 0.4883720930232558,
      "lift_top20": 4.077906976744186,
      "dias_com_hit_top20": 69
    },
    "importancias": {
      "temp_media": 0.005591838652061892,
      "temp_max": 0.006903081344138895,
      "temp_min": 0.005227452846343872,
      "umid_media": 0.005281181497464799,
      "chuva_dia": 0.0011889740067253074,
      "vento_medio": 0.005821140174745966,
      "rad_media": 0.005182972129791955,
      "ffmc": 0.005140616235730593,
      "dmc": 0.004666664230800607,
      "dc": 0.005416535289441438,
      "isi": 0.005894532349123179,
      "bui": 0.004709303332834561,
      "fwi": 0.00588519883441617,
      "n_focos": 0.00044236198258069,
      "focos_lag_1": 0.002290316810461855,
      "focos_lag_3": 0.00014421092635692458,
      "focos_lag_7": 3.635971187015417e-05,
      "focos_acum_30d": 0.101958879613802,
      "focos_acum_90d": 0.08325097538629496,
      "chuva_acum_7d": 0.004355831563300433,
      "chuva_acum_30d": 0.008218935635232799,
      "dias_sem_chuva": 0.003187168235363229,
      "fwi_delta_1d": 0.0050669475929528696,
      "fwi_delta_3d": 0.004092366919931669,
      "fwi_media_3d": 0.0070062390965054825,
      "fwi_media_7d": 0.007814374856486719,
      "fwi_max_7d": 0.009913775114612784,
      "isi_media_3d": 0.005871580883577856,
      "umid_delta_3d": 0.004449897016873192,
      "temp_max_media_3d": 0.007443931366843196,
      "fwi_x_dias_sem_chuva": 0.005015911342883475,
      "temp_max_x_dias_sem_chuva": 0.004457851061289959,
      "seca_x_vento": 0.004848486331185499,
      "focos_vizinhos_lag_1": 0.008727854528960681,
      "focos_vizinhos_acum_3d": 0.022871938297499138,
      "fwi_vizinhos": 0.006440174424464646,
      "taxa_historica_municipio": 0.11382973103719558,
      "taxa_historica_municipio_mes": 0.3362617704171643,
      "area_km2": 0.016109453840813547,
      "centro_lat": 0.014506170915341397,
      "centro_lon": 0.01738653850982855,
      "distancia_litoral_km": 0.01852270207188102,
      "bioma_caatinga": 1.091623275494049e-05,
      "bioma_mata_atlantica": 1.3435530676745864e-05,
      "osm_estradas_km": 0.0,
      "osm_estradas_principais_km": 0.0,
      "osm_pasto_km2": 0.0,
      "osm_cultivo_km2": 0.0,
      "mes_sin": 0.01430661803970418,
      "mes_cos": 0.030967952267150625,
      "doy_sin": 0.041209983879871515,
      "doy_cos": 0.022058867634668224
    },
    "calibrado": true
  },
  "random_forest_nao_balanceado": {
    "val": {
      "auc": 0.8025419130611369,
      "ap": 0.017047927899434184,
      "acc": 0.9979712705736069,
      "precision": 0.0,
      "recall": 0.0,
      "f1": 0.0,
      "confusao": [
        [
          30499,
          0
        ],
        [
          62,
          0
        ]
      ],
      "n": 30561,
      "positivos": 62
    },
    "teste": {
      "auc": 0.8104742837819737,
      "ap": 0.06737071025770999,
      "acc": 0.990150845849285,
      "precision": 0.0,
      "recall": 0.0,
      "f1": 0.0,
      "confusao": [
        [
          30260,
          0
        ],
        [
          301,
          0
        ]
      ],
      "n": 30561,
      "positivos": 301
    }
  },
  "lightgbm": {
    "val": {
      "auc": 0.6781211229559087,
      "ap": 0.011173902527675503,
      "acc": 0.9979712705736069,
      "precision": 0.0,
      "recall": 0.0,
      "f1": 0.0,
      "confusao": [
        [
          30499,
          0
        ],
        [
          62,
          0
        ]
      ],
      "n": 30561,
      "positivos": 62
    },
    "teste": {
      "auc": 0.7432439346263721,
      "ap": 0.03369153510340825,
      "acc": 0.990150845849285,
      "precision": 0.0,
      "recall": 0.0,
      "f1": 0.0,
      "confusao": [
        [
          30260,
          0
        ],
        [
          301,
          0
        ]
      ],
      "n": 30561,
      "positivos": 301
    },
    "teste_pre_calibracao": {
      "auc": 0.7432439346263721,
      "ap": 0.03369153510340825,
      "acc": 0.9803998560256536,
      "precision": 0.05389221556886228,
      "recall": 0.059800664451827246,
      "f1": 0.05669291338582677,
      "confusao": [
        [
          29944,
          316
        ],
        [
          283,
          18
        ]
      ],
      "n": 30561,
      "positivos": 301
    },
    "limiar_operacional": 0.0232,
    "teste_no_limiar": {
      "auc": 0.7432439346263721,
      "ap": 0.03369153510340825,
      "acc": 0.9349824940283368,
      "precision": 0.04432432432432432,
      "recall": 0.2724252491694352,
      "f1": 0.07624360762436076,
      "confusao": [
        [
          28492,
          1768
        ],
        [
          219,
          82
        ]
      ],
      "n": 30561,
      "positivos": 301
    },
    "amigaveis": {
      "taxa_real": 0.009849154150714964,
      "taxa_prevista_media": 0.005760139552684243,
      "brier": 0.00967400010555897,
      "n_dias": 183,
      "n_dias_com_focos": 91,
      "total_focos": 301,
      "recall_top5": 0.11627906976744186,
      "lift_top5": 3.883720930232558,
      "dias_com_hit_top5": 27,
      "recall_top10": 0.21262458471760798,
      "lift_top10": 3.5508305647840532,
      "dias_com_hit_top10": 45,
      "recall_top20": 0.3554817275747508,
      "lift_top20": 2.9682724252491695,
      "dias_com_hit_top20": 55
    },
    "importancias": {
      "temp_media": 673,
      "temp_max": 887,
      "temp_min": 1029,
      "umid_media": 670,
      "chuva_dia": 368,
      "vento_medio": 924,
      "rad_media": 1119,
      "ffmc": 507,
      "dmc": 515,
      "dc": 664,
      "isi": 496,
      "bui": 476,
      "fwi": 356,
      "n_focos": 147,
      "focos_lag_1": 77,
      "focos_lag_3": 94,
      "focos_lag_7": 61,
      "focos_acum_30d": 447,
      "focos_acum_90d": 452,
      "chuva_acum_7d": 620,
      "chuva_acum_30d": 859,
      "dias_sem_chuva": 295,
      "fwi_delta_1d": 1039,
      "fwi_delta_3d": 893,
      "fwi_media_3d": 495,
      "fwi_media_7d": 594,
      "fwi_max_7d": 587,